{
  "title": "Welcome to DAC!",
  "message": "We are setting up your computer. Feel free to step away, this could take 30 minutes or more. \n\nYour computer will restart when it's ready for use",
  "blurscreen": true,
  "moveable": false,
  "ontop": true,
  "width": "800",
  "icon": "/Library/Application Support/Microsoft/IntuneScripts/Swift dialog/icons/dac.png",
  "centreicon": false,
  "iconsize": "100",
  "listitem": [
    {"title": "Company Portal", "icon": "/Library/Application Support/Microsoft/IntuneScripts/Swift dialog/icons/companyPortal.png", "status": "pending", "statustext": "Pending"},
    {"title": "Microsoft Office", "icon": "/Library/Application Support/Microsoft/IntuneScripts/Swift dialog/icons/office.png", "status": "pending", "statustext": "Pending"},
    {"title": "Google Chrome", "icon": "/Library/Application Support/Microsoft/IntuneScripts/Swift dialog/icons/Chrome.png", "status": "pending", "statustext": "Pending"},
    {"title": "Microsoft Remote Desktop", "icon": "/Library/Application Support/Microsoft/IntuneScripts/Swift dialog/icons/remoteDesktop.png", "status": "pending", "statustext": "Pending"},
    {"title": "Zoom", "icon": "/Library/Application Support/Microsoft/IntuneScripts/Swift dialog/icons/Zoom.png", "status": "pending", "statustext": "Pending"},
    {"title": "FileVault", "icon": "/Library/Application Support/Microsoft/IntuneScripts/Swift dialog/icons/fileVault.png", "status": "pending", "statustext": "Checking status..."}
  ],
 "buttonarray": [
    {
      "buttontitle": "Contact IT Helpdesk",
      "buttonactiontype": "open",
      "buttonaction": "mailto:it-helpdesk@example.com?subject=Enrollment%20Issue&body=Please%20see%20attached%20enrollment%20log.&attachment=file:///Library/Application%20Support/Microsoft/IntuneScripts/onBoarding/onboarding.log",
      "key": "i"
    }
  ]
}