{
  "title": "Welcome to DAC!",
  "progress": "8",
  "message": "We are setting up your computer. Feel free to step away, this could take 30 minutes or more.",
  "blurscreen": true,
  "moveable": false,
  "ontop": true,
  "width": "800",
  "icon": "/Library/Application Support/Microsoft/IntuneScripts/Swift dialog/icons/dac.png",
  "centreicon": false,
  "iconsize": "200",
  "button1text": "Please Wait...",
  "button1disabled": true,
  "listitem": [
    {"title": "Company Portal", "icon": "/Library/Application Support/Microsoft/IntuneScripts/Swift dialog/icons/companyPortal.png", "status": "pending", "statustext": "Pending"},
    {"title": "Microsoft Office", "icon": "/Library/Application Support/Microsoft/IntuneScripts/Swift dialog/icons/office.png", "status": "pending", "statustext": "Pending"},
    {"title": "Google Chrome", "icon": "/Library/Application Support/Microsoft/IntuneScripts/Swift dialog/icons/Chrome.png", "status": "pending", "statustext": "Pending"},
    {"title": "Microsoft Remote Desktop", "icon": "/Library/Application Support/Microsoft/IntuneScripts/Swift dialog/icons/remoteDesktop.png", "status": "pending", "statustext": "Pending"},
    {"title": "Zoom", "icon": "/Library/Application Support/Microsoft/IntuneScripts/Swift dialog/icons/Zoom.png", "status": "pending", "statustext": "Pending"},
	{"title": "Dropbox", "icon": "/Library/Application Support/Microsoft/IntuneScripts/Swift dialog/icons/dropbox.png", "status": "pending", "statustext": "Pending"},
    {"title": "FileVault", "icon": "/Library/Application Support/Microsoft/IntuneScripts/Swift dialog/icons/fileVault.png", "status": "pending", "statustext": "Checking status..."},
	{"title": "Rename Device", "icon":"/Library/Application Support/Microsoft/IntuneScripts/Swift dialog/icons/rename.png", "status": "pending", "statustext": "Renaming..."},
	{"title": "Cleaning Up", "icon":"/Library/Application Support/Microsoft/IntuneScripts/Swift dialog/icons/broom.png", "status": "pending", "statustext": "Pending"}
  ]
}